﻿caution
Oopps!! Your pepper plant is infected by Bacterial Leaft Spot. The disease cycle can be stopped by using the Sango formula for disinfectants. Bleach treatment and hot water treatment is also helpful.
"Yaayy!! Your pepper plant is healthy. But, take the necessary precautions like, putting the plant where it gets at least 10 hours of direct sunlight. Keep soil evenly moist for good growth. Peppers need well draining soil that is rich and loamy, but avoid too much nitrogen in the soil. Too much nitrogen can cause plenty of leaves and little to no peppers. Your soil should have a pH between 6.0 and 6.5."
"Oopps!! Your potato plant is Early Blight. Avoid irrigation in cool cloudy weather and time irrigation to allow plants time to dry before nightfall. Protectant fungicides (e.g. maneb, mancozeb, chlorothalonil, and triphenyl tin hydroxide) are effective. "
"Oopps!! Your potato plant is Late Blight. The late blight can be effectively managed with prophylactic spray of mancozeb, cymoxanil+mancozeb or dimethomorph+mancozeb."
"Yaayy!! Your potato plant is healthy. But, take the necessary precautions like, putting the plant where it gets at least 10 hours of direct sunlight. Potatoes do best in well-drained and fertile soil. Maintain the pH between 5.0 and 5.5. Keep soil evenly moist for good growth. Do not add large amounts of organic matter to the soil as it may contribute to potato scab, a disease that frequently infects potatoes. "
Oopps!! Your tomato plant is effected by bacterial spots. To protect the uninfected plants remove the infected leaves and bury or burn them s there is no cure for this infection. To prevent future infections plant pathogen-free seeds or transplants to prevent the introduction of bacterial spot pathogens on contaminated seed or seedlings.
"Oopps!! Your tomato plant is late blight. Early treatment for this disease is needed. Fungicides like e Daconil fungicides from GardenTech brand prevent, stop, and control late blight and more than 65 types of fungal disease. Planting resistant cultivars and watering the plants early in the mornings help to prevent this infection."
Oopps!! Your tomato plant has leaf molds. Watering the plants early in the mornings help them to get sufficient time to dry out. Fungicidal sprays mostly calcium chloride based sparys help in getting rid of leaf molds.
Oopps!! Your tomato plant is infected by Septoria leaf spot. Removing the infected leaves immediately will curb the spread of infection. Organic and chemical fungicides with chlorothalonil are effective in treatment.
"Yaayy!! Your tomato plant is healthy. But, take the necessary precautions like, putting the plant where it gets at least 10 hours of direct sunlight."
